user_id,username,password
1,aooznj,sgkvwmtlsq
2,qzcqwg,ffjjutqyqp
3,xtuenu,whzpmhskvv
4,twajne,bbmpucvrpm
5,wjuucc,rizsxvzcrq
6,sczofh,zsmmfuuzxu
7,oxkoss,cktvktwfik
8,vsqlro,nshfsqurlv
9,tevkfg,dbanzxoclm
10,vwqixd,chdizgjzko
11,zebcgv,hfxvauysga
12,omisux,oeonybgkdu
13,ytmoak,bhyrcqumny
14,pllgfa,qipbulkygq
15,cgvgio,buhaeqwcxz
16,gyysue,jbllvzlgrz
17,edyywl,kfvhusxukw
18,owradm,juhtjtxmli
19,mupckz,ieahgqrxzv
20,wnfkso,wxgmwxvezd
21,wmhyhg,wiedknmtxz
22,xknpwb,idstkudhfa
23,bldhyj,innqxpqupe
24,vruvqt,emiaqqxziv
25,eryiog,cedzjyyuwh
26,zyvfzn,lckxxcqbjh
27,hjjjod,nnooghasnl
28,yunxhr,wgdzepifus
29,sctden,bwgpbjjhwy
30,banqds,crfmorcalo
31,pvefgq,wlnugqbmhn
32,ikgcpv,rhvgwpqhsp
33,droqzi,ajevayqxvb
34,peuhrw,zssiqepbuj
35,sqbhag,kqvylluwdm
36,ombmtv,wvcakqxrlz
37,qnwsyt,bmbpztmhik
38,ihwsfb,bzmduaovpn
39,iwdvlq,txcmowpnza
40,mlsfyj,bdjfttnxhh
41,khuhmq,ywrgldhcol
42,tcxtmk,nuzklibkei
43,eatxqb,okvlblusrn
44,zptrsh,xnkjkysyzy
45,tbsigq,sfkuktbdjx
46,noepiv,tlppgyyxcg
47,qcfbpb,ecewwmojvq
48,lxlorj,djbwlynqrj
49,jeokxe,ohxglpzwvh
50,zvmnjp,wvtdizncfk
51,btynhs,yzfhtusspe
52,slmlfm,lusvuzasgn
53,fcmuqk,edqclsalgk
54,imwlim,ioeunssvsj
55,pzddrn,ojdwuvhazi
56,gqkebt,wljwtxwaru
57,xfvahs,fetotwwxtw
58,yajonl,qeigcekchz
59,qcyvhz,xmmmrdxajd
60,tpeplj,nyesczcmif
61,lhamit,pmqyvboubd
62,fwmtrk,tbruviehnq
63,inhxwt,xfwjsfofxa
64,mwcryg,esncnobfyd
65,wmeppt,mvnulivdir
66,qrfxnt,grkezfvrfp
67,zkpqcg,jqsgwujmzr
68,qjrqfe,pkgoscnqbu
69,lwcftm,jfmdnujisb
70,msomgh,jxzxgdvzzp
71,gnncob,boxcxagekm
72,tnblqx,ycjoynyebj
73,ykzddb,mvgyxwaymb
74,hiqhqv,tbglvmtifb
75,jnioof,osccusniyx
76,octerf,mfftcsdldn
77,vaqjrw,ohlvcebhzt
78,nhbzhy,xbnkjpxmej
79,wtyoex,btcrpncncj
80,lfotzz,hkohrpgtxw
81,mstnhb,lhopjuywtx
82,mcgltt,gslndmbodr
83,vapzju,qyzufoavhy
84,aquzsn,yziorenbqo
85,owgidq,bfgboqvdza
86,yvmyow,suaqylmewb
87,uqoswe,xodqdutilh
88,afefit,sdgibhdqnv
89,fjxrym,ktlzswppgg
90,sqlavt,fuafdotbnh
91,ihcasf,hsoezjzknb
92,hwjkzn,feefraggim
93,uqprlk,fukdyfjdhl
94,cbrvpq,bknnpatdkw
95,jnkzwb,havqryqjll
96,duguee,uhmtgmiwnu
97,kzegvp,rgoigoymio
98,uxxzkq,tyestxmijb
99,ilbgom,uvpojlhooh
100,gujzdn,wpufjtluep
101,ifbpko,ljjkszgjmn
102,zjellv,bjthvwwrgc
103,inherk,ktmqvedfgw
104,kesxgp,wqtljosbyr
105,faodbe,jowieuutok
106,qhbcti,roscgkxjrk
107,afoojg,intvmaajqt
108,ejskin,kvwssisutl
109,wfjmjl,ppywkaviah
110,csfrbq,zjqxpwfeei
111,cmelnw,vzolzkwksm
112,gvtvon,aohkmoqgdm
113,vgubdw,hjikqbfhdf
114,sqvtez,cxbcztxcin
115,vsjnoq,jbbznucour
116,omfgny,jujxtjcypf
117,lcivgy,gxvtddqecb
118,bjwunk,bljglrftzv
119,qcklhx,gkpagrpstb
120,dggakc,pucpafkfwe
121,eehhye,esmlqynmfp
122,abkvnc,wlriyzsbom
123,fimaib,jharcykrpc
124,pxfaie,qyzgvthpet
125,asxock,lkeitdstch
126,eosmkc,lonvylwpgw
127,vvabmg,ttenbkhwsx
128,fmysnv,xbngmfpgch
129,zsoikq,jdyoszjdtj
130,rcapsc,chqwensgzy
131,lpgrir,mwkzoudobl
132,ubogry,lvavxdajew
133,riswng,dvemanwmgi
134,gfkozt,aakizqikdn
135,kldxjj,jxhtgxirbh
136,wjtwmy,dpwhdettqe
137,vwatmi,xpvvwiquob
138,tmnruw,wbfysfbogv
139,znbxup,cwlcxafltw
140,hykoxg,jfntcbrtux
141,vsuycg,eibzbpzfrs
142,ghulws,ubnehehjnl
143,wdderc,raxorsghna
144,wilbni,wsqpvgrywa
145,luwocv,tdxvbkvohd
146,fciyhd,pxwclhfdwy
147,pkumhv,ucxznvszez
148,kuzxov,ninsqvxuly
149,catpyi,rvtrtkwtay
150,zeoenj,pefdxnkwuu
151,cblymb,umzxdiwgcn
152,vechyj,xyvzzcvybi
153,kecawh,pfpbjaimmg
154,hhgdgf,onvbgckkmg
155,lsjtpa,lveodnvwng
156,ghpxch,sjxydwyoko
157,lhzwbv,ehjjxitmap
158,wopbqs,lnzlztfgwu
159,xhriwq,besoykpcpt
160,pxzwat,erdmivugkf
161,qmvskq,votnpkgidd
162,juzihn,ncusnmsjpk
163,ofuzss,jhqktfsjlb
164,iiwuwj,udkayzktkd
165,zfpltq,dytwsjltqd
166,roeqld,tuxywpiswz
167,ylhcff,vwbnmdnawt
168,jevysv,ioepzbubju
169,jueqtn,uyncsifemi
170,jmderb,nwswuldgym
171,ryguix,bkkjgvbcyh
172,gfigts,ieadhmiupd
173,tvvakp,qexgmmklbu
174,grzemp,ytoeyfdbml
175,vgxogn,nhhvdhjidn
176,wpwmug,felcwrsojj
177,urynux,zxndvtmobw
178,zqpyzs,qswbpnxqxw
179,hdhtjb,gtxlnhnlio
180,oxumgq,xmbvftsalf
181,bvxioc,uxdowpsvjq
182,nwoezw,hpmtgkxetw
183,ktxbvz,jvbcjpmtul
184,znvpzn,rbyeczrjfv
185,utqqjf,dfaokyaxon
186,pdrfmf,wxbshyktkk
187,dxrhmt,nwjtuczchz
188,yskulo,hcsjokznbo
189,jqgucd,jaiozeclwh
190,ricros,ivomyvmaom
191,alhbdb,titoajiipc
192,ltcvda,xucvcfjzte
193,invkny,svjvukymfk
194,ydksqk,tjjoilrxjk
195,fegmmp,xgmwcslnlj
196,rpegnf,rfbfdcmnnl
197,oktgwx,dtdguipqnd
198,rxwhgx,skrzchwmhz
199,ircazn,tzwzjdcpzq
200,pxcmfx,cbymfcmahf
201,drgohi,vjuejsupwo
202,pyqvpt,zwmcksoweg
203,wetfvk,ivejkhlqhx
204,lejrms,btnyjduduo
205,cuqjxh,zatcgaoywi
206,sdjpqb,yiatykdarx
207,zdhysn,qfdssxiejw
208,fwkrma,zoxrbbglkn
209,zcspsk,xmlwwhswgv
210,yxcexs,lxogrnkchk
211,remsox,tvvnaxtdav
212,ysyxtk,qbqyfxuaxt
213,crfzqg,kaihqtlfms
214,yopmex,ecjeegyvzn
215,kqpkos,govqnuuuvw
216,kqfajq,fpmcicdycu
217,yvoqzc,aidisjcnry
218,jvqbja,zblqynwmms
219,wfcbah,vlkhwbjcoo
220,ghzzkj,mtjutwnotc
221,fngzvf,ycmqmvwfxv
222,hjfioi,ddlquerrfw
223,bdunvh,zgmsqjtscq
224,frtcqd,skjrqflzuf
225,jvkdes,jlrjbahfff
226,ompcct,palwxjlchz
227,bsicbr,esmdfcgqmo
228,wriyui,uxyjuimxpk
229,ehbuvd,ksupyjsvoe
230,fgvfyd,ypogrxatcp
231,cegvum,bvpkfvpzmw
232,hywgxs,gtiqrdhfcs
233,cbvrqi,ptgrkvjfqj
234,cfareu,yxilgnjcok
235,zqxjmo,tiwxbbxbpb
236,gpwwuq,ziuqovcnfv
237,dylatt,mkhjrbhhmw
238,bznzfn,vurilphryl
239,gfdnmc,cvvrugqtbq
240,nhajji,xgvbksfedh
241,btlnka,pfdlpcebcq
242,pfplop,jzjdovydnk
243,rlarig,ijehzrrocq
244,oyzgsg,kkxmkrekfb
245,amqjpj,hzsojbydjc
246,vxyzeg,lxaaenfpjj
247,yxqtog,hhslasiltk
248,voeuei,cfrnrfwmrl
249,ixtbiq,lowtezuldr
250,aorhvf,tcnwlcdohc
251,ehhpqa,jnxkekcfkw
252,mcshlt,qzjybzodfu
253,zaamyd,xjwcqqixpy
254,fcoshs,fnkdztpenx
255,szrjrc,omhpeqvrax
256,dswneg,hsouzihsca
257,pxrehf,vqsgkivgcn
258,onqytt,xytbemzdab
259,lhmbef,uwboygyfhm
260,burswi,atxzluhscs
261,mgovxf,wrgewsbhro
262,xslyhl,dumjvvgydv
263,xtgrjn,sozqgbjpsi
264,nsdgzc,irrqykbqae
265,xfufqo,vhyblpaksw
266,mkblme,pakxzyjuaq
267,jteruy,qfguuyginf
268,qdprcc,yotzhheujf
269,anelmc,gysolbvqij
270,ixfcgl,whvsqdvici
271,jfcqxg,vogkrdaytc
272,buotaz,hqrwzadzeg
273,ouplao,qekscdvrat
274,ojwtfc,kkllzknxjk
275,whiehn,nvanhokjxg
276,glcjrl,vwyylylbfc
277,zitwol,crxjpvlipc
278,esdleh,prlsdmzuod
279,rnfrad,hljvgorcjg
280,xyhtnc,gnuorguokz
281,soslay,xqdupzupkn
282,wpxfzf,itwlqirscu
283,qitxxi,fvnnezwqxk
284,aocoee,jdeendsdeh
285,veelfl,huqanojilw
286,htnntp,dsocvocijz
287,cynups,vyflhkouig
288,olwfgf,mlknxrbeva
289,xmxikp,ivvgyffojq
290,ggwnyw,rkdfdbsiri
291,qyizah,pikxxztnqz
292,mzopov,pwymvqhmzp
293,krefwr,jiyibxzodm
294,bkqduj,emrttltgiz
295,jwvjcu,yhvntixezv
296,basxqm,eoujhlcyya
297,vlnndu,iiyvgxdffa
298,tfhrvi,jnxkcyqapa
299,afritu,qlloeuyhrg
300,cotody,vibaubiivr
301,gvysmz,tinglvrafo
302,vtzjtd,tyhwzuuxty
303,ikzdqg,bkpdtpcqub
304,acwqro,qtlsqsbzex
305,juesis,vmkuqkicpg
306,tephhl,oeqtefwpsb
307,hyxnod,fkwvociezl
308,xdieey,esjuhfeyun
309,zltdqw,mkssyejzqp
310,xtayis,kooeaohjjg
311,vpfnkt,fvxijrmfyv
312,lvudmk,oxbupkeeqi
313,flsser,jahrhdjjpk
314,gidtbo,glmkhygrnv
315,qrqivr,zqqfidvboz
316,cvvlrh,oxkgtottjk
317,dfggie,xdruovufhx
318,gublqk,ouunnbgyql
319,olzkwp,rpczvmxtsn
320,bvngtt,wywjvreoan
321,qgmaxx,gzqwqddcnh
322,zlgggf,xeaoqsrxai
323,ccxcxp,ytxbonrgyo
324,odcnot,qoxdgzitii
325,wovtod,iruqkcimfk
326,mcaksd,rhozvpnzyl
327,gspdju,bwwsrzjqdb
328,yhflgo,ushuekchvd
329,juozpm,vnwzxkipix
330,qsuvpr,qctzyyhekr
331,ogugtd,plqzswyxxi
332,zoxcil,dmtvltmtqw
333,nbwyva,ttdhpnlrce
334,hofvhw,aaecrxlocv
335,ojmole,rjydclnslg
336,pfdkvg,qvzefjueme
337,fgwlfr,dsesybouig
338,nlqajm,dhuaxktqvg
339,wcbcsl,lcdhwgkjay
340,uguaro,pbkiaioduo
341,vqfmzf,wowwbxknql
342,ogtpht,omcvhwrpfp
343,liaxsl,oflyxjeper
344,buuvqp,vanbsnmsjv
345,acjhdx,nmjcgjuybf
346,rdieiq,ozwbsofdbz
347,xkgoln,ycppsdtqbk
348,rpwmot,fdvhhysosr
349,avtilq,frcaloegjn
350,svhlfw,dpabclgewz
351,fovghy,dyukjtxmih
352,gkdnoi,nzvucxtutd
353,fzetho,ajojnyoqmb
354,xazjvl,slwprtnzye
355,pypayb,jnwnbjpadb
356,hbbswl,tfcqaolbun
357,pfsclv,kmjjnzjmca
358,wnfaap,cupffogxpb
359,sagvcg,nhugrpwezi
360,atrjhi,gmnuykyrum
361,tyarjv,isqpssboiw
362,wwsmxw,hhrhviyknf
363,womftf,vdycsdjzrp
364,hhgxuu,acsqadidzh
365,wsidne,dwpaucovke
366,vmkfnq,jgurmspzng
367,tzlhzc,oexxywlrpo
368,eyipox,inbelfurim
369,uuhdtw,oxbpffhfkq
370,fxjpei,tgofdfaaoe
371,zhtspi,jvvhpuckbx
372,ksovpv,rtltlttvdg
373,svpiji,ajhvnplgsl
374,rnyymy,rujznebago
375,wllbnc,candexzmpe
376,givpoo,gpotsqbhph
377,xqlhhe,djpihrkeei
378,abjumy,ghpoqprusq
379,mtlnhq,guwnxjhnyr
380,rrsnnm,rkonyziych
381,hhmhvd,jjabyscdyv
382,ezbmlt,plwyadayvq
383,icrhxd,bkunwrunle
384,ehhbct,epadenppzw
385,tgmgpx,ayioxegtmf
386,lutxvr,xyhcbisrpx
387,kiqaug,dwrohgjayp
388,bnivcr,cqzkcfngiu
389,hzntaw,bsipuiwzgj
390,zhcebh,lomgpnryyo
391,yhugrg,wnvuxfqosk
392,dvhgog,drluclrrno
393,hcdnfd,tmrilqoppl
394,pmlxeh,fmroijxray
395,wjtkvf,pcxwnbxjlo
396,lhzplq,rybeagqqpa
397,cnzdgf,gasubuzopj
398,wiewvp,fczurmisjd
399,iqklpf,phjacjiman
400,ldpglg,wzgumcghtv
401,zfxkmw,mwdsnxlmra
402,spvrzw,anqdbvmohj
403,hymkwc,lwnuiscxty
404,nhuolf,brvtxgtcxl
405,dpytwn,nkpqrsbwvw
406,tcmpeh,ywanleshsr
407,eqibcp,svdqpaflsk
408,fbhptn,etpxjvkuem
409,cctcuh,hchzwnrlrg
410,ilwkzv,xntyknpvwc
411,ntexdx,xkckvyizcc
412,xdphhn,wbuwfyhwxn
413,vbxert,msxudviuya
414,hkeray,orztovyldv
415,atzktl,kcazxywoek
416,tfijzg,oljcyunbxc
417,kpcohj,sxzsndqqse
418,hfwhsr,hzhihjefox
419,evoewu,vrcxbnivcj
420,wwcgoe,phzkqlwbao
421,mrgptl,bifbzedtfh
422,bojxdn,ucmvqonyda
423,heibyy,frhwgydhsa
424,doijtn,cdoaedvdhl
425,vroucf,rvvwjsxrck
426,mabkic,pskutkthwl
427,ftrslt,rujqzzfoow
428,cfbhfc,qaogvzdpsm
429,gowgpd,ahcfvkcahf
430,vkqryn,ldlzgvtbwc
431,fuerzg,fxtuoousqb
432,qtikqy,uflnjjsuxr
433,nfvhrx,xyltadhmux
434,anuury,fhkkvfwozb
435,iffkgf,uyhwegtcux
436,ihsqgg,obfprrvriw
437,pbmyae,tpqztiuqxm
438,zwzpof,mrmschhklj
439,vkzheh,rbbruajuah
440,xwnocr,prytmmdzvh
441,lszzvr,qtgexprjok
442,msyhxs,uqzbiypvys
443,ruiqvz,hxfgnsdzpi
444,bqgerc,wfefxnsnhr
445,nqbnmt,bhrbsibwtw
446,ejdgfl,qoqqkjhnpc
447,pbjinm,djztxuxtyv
448,smgqaf,occvmhkysl
449,suqfeq,jpjfwkjbgl
450,rmlcha,nqzgftqttu
451,lwytee,uhpmefhgbz
452,snursl,pvrjkpitlg
453,avaxul,sasljrcylw
454,qtrnyg,bfynnrwpfa
455,eklexu,gwrvugxele
456,kuurjr,iivuszqxne
457,tzsccr,cszqdcbuqs
458,gpywvb,ehhtoozihk
459,rpgblj,xfyzxzyjtj
460,xqxgxk,fxchkihbec
461,dcwssr,aylouaavqh
462,rlxolu,wwypajnpzc
463,ajeoml,yibmhnaavp
464,bbskqb,azzbzpvtbc
465,hsvlhi,pkviixpvdv
466,kgcgmn,iolyngggym
467,fwphiw,phrzpcylzl
468,culobi,cewlckwaee
469,cqongx,wujzmrumni
470,uapzyy,nyutmufvig
471,bkvnfi,ptlnoifbzm
472,tkhoht,oygpoiunpi
473,puozak,miaifayogk
474,rfxyjm,ivtkasceyf
475,zwubup,etusgasqvb
476,nlcsfk,hocmbwngsn
477,mwsawx,yogghjnxqi
478,qydcfy,uwphfsojzm
479,anzwnh,skitfohbub
480,xvawxe,uhokbsunyw
481,siwxst,mbyrtepumk
482,joygvv,hgxwaktxss
483,kagmve,qcvlxcutnk
484,agcugn,poebkjmcvc
485,murkbr,wedjxzyelg
486,swoscx,wdoewwakka
487,hehxqp,mqujluhgqk
488,tlhxrg,qkwatkfwkr
489,peirvg,soqwwcbjyk
490,frantg,ldvcfesvkg
491,ebkgrv,eohgcsjabv
492,wkdlfb,qssjapdohr
493,xzarok,ncablcpxzc
494,ifqnul,azkgeatnei
495,otlhjv,xibvgwimek
496,gbwntt,jbdwirfabj
497,xynhar,mozpvewwdo
498,bnephn,psgfnxreri
499,xxetqq,qrphsbdocg
500,dnwrea,kxvhptxgrp
501,ftfrfi,nydlwcvkau
502,zjuivy,tlivrgkzca
503,sqqfli,viqkadohae
504,gsatyk,ssqyaavadk
505,ujfjiu,ptmglbdcny
506,mqssmr,vllirlvuif
507,fbdobc,borcmsdpks
508,irdcnz,tkffpebuiv
509,pzrnui,sjmfjnsfxy
510,lnxmxq,zcwjoteivy
511,vkwzib,glrjrjveyq
512,cqvmks,hfnusswmqi
513,vrgqkz,iiuhwojdwv
514,cfstyb,wnhabeubis
515,rpviok,zgtiunzzwb
516,qtjpnd,hvrcvtjklh
517,gqebew,mnndrqcwma
518,dhfbdb,qgncslaoyk
519,uuxbdg,dpgradnpqt
520,gavulo,vrpfbionsf
521,ecwntr,viqevbslyo
522,lwkoxy,auaabmbbnp
523,ytykav,hxmknfaimm
524,bmkbbu,kllznzipzf
525,lbggma,dktscezyxr
526,fwczfv,armiudaweq
527,yjjpkh,egxkgvrkns
528,gptjnc,rukxhrgmpp
529,kppdts,tcfurkjkac
530,mzjogl,nlsjvkoemc
531,lwcbip,pituefluqj
532,hrgscw,vbzprdcupk
533,xfpmbs,wnmfqfqcox
534,emodmk,elyennzaed
535,myyocp,touvixsrfq
536,volkfz,pytcnskxxa
537,lwsvyq,yjuudzyqap
538,ndigzs,wifnyfvcdd
539,achpve,ywbmbnrkmu
540,xztpmr,ninyqqyuzk
541,fpdhon,nmbabdocpy
542,tkbycw,fuougwpfoy
543,bpiecj,fiktgygzkb
544,vsbeoq,nmekdaihws
545,anraei,zmyuqmbsrn
546,hgkbjs,kagffamyof
547,jvcsxw,vkonvewztq
548,teiipz,pjygiuxmrr
549,htpkpp,ryvmagugdt
550,fzfiin,mzgwwyojpn
551,gbgvuo,vspitajppb
552,uckfei,fdzdkxnvei
553,qrcarh,zsylwlfozh
554,ejwsrp,sxcvfkdmeu
555,mfyaka,pvsjypttsi
556,okrjyy,vkatwyyjdr
557,fpvbvq,fkhdovodoi
558,fwojra,uwncuohhyu
559,ymmnxh,yzrdxqzfrs
560,fszwju,jvykfppgnk
561,mujxlr,ruvoixcqxy
562,riqeuk,bwfupyaclu
563,wgrrne,pddyxbfhlp
564,rajcnc,usknlpxxti
565,zjsaug,cpdkzbxklt
566,sghgpi,uamvcusgps
567,lcvcqs,hzoxbnkqhu
568,vflrli,ymcaffnqsd
569,uakevg,bkqzwanaxc
570,xuyftq,zcwsmbjskn
571,ifkges,noilmkqmaf
572,moypiy,veiiblfgfg
573,rgkmub,nukeonvdnc
574,sojwte,ayjxfohmvk
575,jrqgko,cackgqeagw
576,xkbqdi,ijmchuicis
577,lerrad,rhvjndxejc
578,jmhlpf,ojlqrustiq
579,rqxvuq,udqxhnzido
580,qnfehg,lbxmgyjadz
581,nvqkkq,hniiitlrhf
582,olpzml,jikqgstekz
583,behaad,rjlprsffsu
584,gydutf,fkmtyyydhr
585,fbvgkt,qooeauheoz
586,ektuxu,bnqmybfaho
587,hyjdui,thznqcnoas
588,mhuzpy,qcmpukywkc
589,lcpbxg,zfhjozdeqx
590,ercfay,jrnxvaltws
591,xyspoy,xbjkvewrlq
592,xalxeb,kcafskapxq
593,arftcw,gtswglhxtk
594,lbpvtk,tppikmcqas
595,wcqlez,fldgmfqayl
596,sgwvfy,desaoapmkv
597,axyedb,gwjqdawsjb
598,bsulrl,mrescvvrqy
599,zugehu,agcvhfsqja
600,qrgafc,cwjomijwii
601,ggtacx,iseiucibsv
602,uncxeh,bqnatmbxve
603,tijksu,aewkehozvz
604,jgzacu,pgdpomwdlg
605,kfmrix,uhngrbufzi
606,sxugcw,itebdfxaye
607,ezcasp,mrzmagyjej
608,wgdfcj,hwcxdztbri
609,iwjrce,widifpjxed
610,aofxxl,dlxgtssyzf
611,fkxagj,kmmaupnfxl
612,dksorv,lbrqipnsay
613,ltfnpx,hwqwhoyfpy
614,iyejam,zyesnmhixh
615,fwzhng,tatzmzsxfi
616,vswbtf,dicmqqketf
617,bxajed,inemljxrej
618,qwjqdp,tpzpbnjdqe
619,qelhrx,ksbbgxtdau
620,safjvo,gvcnlwdsjf
621,vukzmc,ziwybhvvll
622,mfatbe,fgnszlbwbl
623,qfyoal,wmonbniyxs
624,ytcyiq,ynwrbfhpxl
625,etyzbo,choatselyq
626,shgzzd,jgjnloycyp
627,oystft,trnwgfpeti
628,nhxxyl,vtgcnkttsa
629,tfqdgk,fkherusldo
630,coulro,sspkwmroty
631,vhvoyt,fksaauryya
632,malbtu,kgtiwfbkwn
633,lhtuvx,zyasiobfux
634,ywfbpm,iwmnrvecjm
635,gluepz,nckuxvbyiu
636,spbdwv,zjmbhzesnc
637,vtgdxf,cpxsibrzmj
638,odiewt,lkrerehacz
639,ntmbpi,rrenrmslqk
640,llagul,xlnbmklvcr
641,kjminy,txpftiupiv
642,naalve,pdkmdugxyw
643,bhnfxv,gwurcvxqjm
644,tinqee,iowawgmlob
645,fbhbjn,dmnxywyksj
646,fhexgb,mzwcpppmgg
647,toyeaf,mmxvurddor
648,qdhbhr,atsxcegbav
649,zunimt,nitbxhnnxr
650,wnnqge,tibesnvimi
651,goccfr,jelurtfrgt
652,owerqc,frgtvspmvg
653,yyqfyy,pjwclrezxe
654,bojefj,oijpwrpbhi
655,ngfoee,ofmpllarzb
656,rzelvm,vvybhqlfnp
657,wxtsol,bphjkslaxx
658,jlqsqd,elkliiirsb
659,iyouwr,xlpdgujvxv
660,vfkglt,bjriovwncq
661,qabugb,ffuvzdvtzp
662,cwgayl,pjvegwmnrw
663,edqplm,iivwfxzvwj
664,tydpbv,rbawhmuwzn
665,cccnwh,eyimkdmspb
666,hpbhkv,dhwwpasnue
667,jujzef,yahwtymugj
668,jmodbp,aijtmhyyws
669,lphvdk,ldivpvliki
670,sahfjt,crivptoiph
671,olrgjo,wguzrapljc
672,irfojt,fhyolhufvj
673,apcsjq,byyguqpkzg
674,zqdukn,wtbiwesrqg
675,yidfic,nigedyujfg
676,orxttw,ztmmytapwe
677,butdbq,brteneejyz
678,idcsiv,phnahegxba
679,hjqbpu,lniasbeqxr
680,mljhbp,phcwzwldul
681,msrrvk,gwvffxsojh
682,zcctah,nymgxhzyga
683,ldlbof,vrtjwbwdzn
684,gvggws,wvnwwdiyij
685,iboexf,xksbyjglet
686,kaozhl,fmeshuaqhi
687,loqvtz,otfxjvvnki
688,aaonal,bbebsgzyxj
689,pbjbtj,cliszbmzfr
690,iyeixu,ksdzgiajjw
691,wqcluv,ydkcdxumdf
692,pssvmw,ijlgtlevla
693,zojsns,lpprrwacmp
694,ouqoxk,xuhzzwxvnn
695,spwehb,rltvqzbpym
696,euqitf,ujmbfkpdzg
697,xcplpi,irxapmkfbm
698,gyalbr,jbtsbsvclo
699,oxmmct,uwplqykcki
700,lpjlao,ebfkcejsnj
701,tpimvs,yjvbxnevpd
702,tpjlbt,tqqllnvniy
703,ohprkf,alanzzofwf
704,ultoyv,aakdjuybno
705,bpabdz,choqcdrwei
706,tzmree,alfmdawner
707,utpbww,vdjvzwilbu
708,axxqsz,mnizpqpgss
709,orpugy,kdkvpczcxw
710,uuqvxm,tkdyogdrwd
711,vwxltq,ocaqfvwqjd
712,pjqgwk,gggnjzskwo
713,aotvhw,psjyxmzdye
714,lnoqtp,xfpmaonlud
715,rtxcrz,xckjbffalu
716,jwvipn,qfdkgmimnp
717,ajrkei,itrthewlve
718,rgblsj,ptlmleuocg
719,nnnmye,stjcpvqqrx
720,lfcsbl,ooxnockxfq
721,hkbars,hycpjzxahe
722,uzmisw,kcgzlysuly
723,ifoafv,crihoqerbs
724,lhwhss,dmnixyfjxb
725,fibtcu,gevfgexooi
726,finbjv,nylkvzvstr
727,dwbcpq,qezekldnqj
728,trzokq,krkgjkrdda
729,iblhfh,fwvsgjmmxd
730,okqlir,maklltqofz
731,lvabxq,xxagylufcr
732,vzvthb,ddvxjazfpq
733,ftvtrl,embvcnchot
734,hcgswn,xtageslnjx
735,cbhtzb,qccltjdglm
736,ywpdgw,jmcouygyni
737,waufdv,rwtjpbrlpa
738,ngsayz,doresrbngw
739,ejoszl,mzbdbtrzbb
740,hrgjyi,kmwxeeawuq
741,djlqsl,dzxupvrcsa
742,ygjwwt,oyjtqziwtp
743,loakbn,jpavbykagu
744,vpoiqz,kcmvrnbrdf
745,ubxgqh,xgdhhcltzq
746,uzumfp,ghnwoludrt
747,uraehr,euuocqfnmn
748,hfqcoe,qklitabelu
749,cjclqp,ibtxueemjb
750,cyhfnv,nncowwyktx
751,bvreqm,nwxewjczpn
752,vsauij,hmwadrcewa
753,bkfecg,mfouklmimw
754,yxleat,cejnsooxjr
755,bnhfzk,dfwdhdkizc
756,sbwehn,nuivbwqnny
757,omfcky,tofacmksfr
758,naxnxr,vmvebnzewx
759,kgfkzn,grmolfwlaf
760,jvmtyj,ybwjpjcvjx
761,iwasdw,mwxxhrluwf
762,pjkqoy,flbkjlhntb
763,rgwdgx,wtublcaszd
764,dcdjrk,dowwkymadt
765,bbqubl,lgecjzivip
766,rgcoso,dwusenrilh
767,sxbppc,oiypxfqltn
768,bepeuo,kggqmygryt
769,fsaati,qsajmbpedm
770,didnko,vgniebfsbe
771,wbrgmc,bxdmcgdimj
772,bchfor,fikalwgslv
773,hyzeuh,uavdkbwusz
774,twrvrc,xzritagmug
775,gofeod,qexuftjjhg
776,brgocw,rrhnpbrfxd
777,kedhgf,dhwzqlkmwv
778,kknirp,dagvaudmmo
779,opwujk,vqyipwlqzk
780,budkos,daubqxdwjw
781,asmcbh,oewgspexiy
782,wzkokk,cqgvipoels
783,icetbg,bnfmimoasp
784,gfmipw,vfpebdfkae
785,tukutq,qdmipscgtr
786,rwbvky,lppqpxlkzj
787,hvnjke,ubnqcmitbx
788,opoyig,tekflybkgv
789,uaaevo,mstoonzfbr
790,uxidqe,adyssdhetj
791,ytskfh,jqviejudku
792,ldnynn,ijhmuvtmnj
793,snzfci,pwzljwitbt
794,fptxrd,uudwygydac
795,eolqkw,vnmnueofvo
796,zcddyj,kpmdurabrb
797,xkilao,fuzdxxgmiw
798,ukxfcx,lidlrtpwxj
799,ssrhcl,bkfpvzoudr
800,eoezzy,oqffdvjltt
801,gtassf,hedylswkbu
802,dxmmfx,mwupnyklai
803,jzxxyt,zdyktcmcyg
804,lkfent,irhamrbopw
805,zupdpl,rmnnmzaprx
806,hugsiw,kvuwphhfau
807,vumtsz,seobdlfcel
808,dnhajk,dretemptkv
809,lufhjz,hwbwwenune
810,ybtbqx,gnpwwimzdo
811,wouuyk,lhjbgddykn
812,gutrdo,lxilkgwiar
813,xcnsad,mgjmqyvvnt
814,ckawfp,zqiygysouv
815,uctyhz,fcxmyppwps
816,ucddgj,jtrhnyloph
817,qjmpeb,ynbwhexnlt
818,ncuoij,bkbqqltjxp
819,mpdnvb,gfyiwqcsvc
820,hhrjoe,pmblenhsrx
821,lwhtts,gfcbonrjuh
822,vvxbjj,sxycilpgtc
823,moksev,arhphwmdxo
824,gltntz,ayncfvtbpu
825,zliqjv,stackxdjkg
826,xeqwwz,lsnmgaqrcb
827,ixmrsm,ransmotumy
828,xuxtos,fecboafzpu
829,ekqllv,draanemvtt
830,aeffgt,ughyohxjvl
831,sdnolh,ikazmcuwzi
832,ncvuxy,twhvphitll
833,pwocyx,ckttwxwdpu
834,ipliid,xellwaioee
835,cjuvjo,hjgygkdfgv
836,wllkwj,ssishfmotz
837,qnugcx,knlgqxvtic
838,cpenlf,mohkwtehgd
839,rxwnps,hkaxfkncxv
840,srusuh,pyvoygnslp
841,lnyppw,jtwrpldohk
842,gnkfso,rvyvqjsemm
843,divfir,hpvvneralu
844,nzdwkw,gwizixcarm
845,wcbucp,hqdeiwgsaw
846,twgers,oohbqzzjpo
847,lkcuzg,rsmvjtwvup
848,ydmatc,sojdwhqioe
849,gmrpal,npafdjvemh
850,dkvvtp,tfzdrbmeyh
851,losmcz,twqonenqtv
852,sdaaco,fqgoraqwkr
853,ydspfo,lfxgyxzdzp
854,nycxva,iblzhiuarc
855,dwxqlo,ndcxksqoxe
856,hiufxf,ekymlmmpwo
857,bdvfau,rppqodvdfa
858,qgctzn,veaqbvozlc
859,oiyyqk,hwcolcknot
860,ginxob,tekyehftyu
861,bexzyx,wdttqjejih
862,ylbxjn,ktpijcbgzt
863,dpmrmw,cqfurzpmcp
864,clsufb,sxsvocixon
865,otccyp,ksqpnbnkox
866,lkeawi,prrwwklmsf
867,xpofzx,jsjwlgqgie
868,cyjqnr,farztnyrkp
869,zfbgmd,gdobgfalmp
870,cbzhem,iwrohyqzsq
871,ombhzj,msgjjrgpbf
872,cghxdf,mkkclemzoe
873,jedlud,ofsduwbmvj
874,nxhnqz,ivkrfpffvo
875,gippkh,czgzqngcrt
876,tgxwgh,ykjmfsjrhp
877,lacjnc,ayvdvccnci
878,znlhoh,uwpsiwlpno
879,ubvxvv,eccvqcjdkg
880,eiizzj,rwzmiffqwy
881,gouteh,yqumxhnqvz
882,mdjqch,nyconsmxju
883,yrymuw,fdgnwsrvis
884,jdnpkd,osfahmedgi
885,htphzi,xcyorlqmvs
886,efojyx,ampzqpkfbx
887,dbghlm,ugxiyvijst
888,uldvqs,yylqkuupfc
889,txjcfc,tkwzzrvbdz
890,auokzb,srnvomnrin
891,olozrd,mogfqskfug
892,rbnbdu,exczlbqlvj
893,hwkych,zceilpycau
894,mzplfn,lipqbpchnf
895,hmztqj,eyeyekjsjn
896,mxmtxb,etpoyibkmm
897,spzdhg,pencmdmlgd
898,fyhbmh,opxfeidfon
899,ojksrw,dhjwlzxayk
900,lwcmka,zkrcwypsrm
901,aedmxf,gcwxfanwjq
902,knqodk,mntvoykeab
903,wktcqv,nuvextegwh
904,qfoben,gnsrnlhfhp
905,nrzvlj,hbgxpciluf
906,wxkpqy,ngariwlxly
907,pednko,aumejnpqux
908,igczll,dqmxubhgrk
909,qkgdyr,ppbvlxgjhg
910,liehrs,ivcgxnihrb
911,eqnlbh,swtfnfwvgx
912,mlrpsx,xxcfhhyftt
913,ssbuuo,ylwejbendv
914,zpnfex,gnwexidnwe
915,slvbgb,aovlsxgbnp
916,qysvck,tvpjxrwmfc
917,rekjqd,uxxixnjugd
918,nmbzyy,uovfbudjmp
919,yzqklt,xnyjogzpqm
920,izacvy,oikuwtsqqi
921,efgwal,evaghwnxzj
922,ukwfxx,isnxffegaw
923,hzjmnx,ioyvfovcoh
924,jejrrj,juyfjcxcdg
925,ycjjok,lnztjoqbxc
926,hdtoux,gcyolpmkkz
927,smcwsx,kphzrlduyz
928,ccqdvm,wxkikwumcm
929,fvkrzn,sisaxguhgq
930,qoyblb,medkodcjic
931,eihuyi,dryeqgalmk
932,oemmes,ihvuhgdmwo
933,kbqtsl,axxekkdocg
934,fsvqyv,uslibxcwuq
935,adcwqe,xswshnafdc
936,ncvwwq,amyabqfoea
937,eizgrw,ykismovxsw
938,urivcq,ogsnvmhiqp
939,eoucgp,crycayjvxs
940,gzwvvj,dfwqepxupq
941,vjabhh,kydujgvhyj
942,giepig,lovaxccacz
943,dzcwpx,ixttsdjpwl
944,qvkuqg,rttdzbabwh
945,qkuohp,awipauelqo
946,xhteas,pbxkfrzpfa
947,vsawqp,ysgbyfvkte
948,syeqeb,bpllbfmwda
949,vrghyv,fvejnvbxkv
950,nzfwua,wfnfomduqs
951,irfqyb,oqbseyxczp
952,ncsyoq,nbunrmweyf
953,ltslof,fysyqtcqdd
954,blcvgl,jrgonpzebe
955,nlbzoa,aspqqwlhem
956,uzqjib,cdxukcvzia
957,wlolcs,vpkpzsdzly
958,taezzd,naczkgjilk
959,gqokar,ivalllihur
960,dbmlot,migovrqmyo
961,uhqjdj,mqhbkwndxk
962,tfsaub,vssfjcezlk
963,jenyav,erdqnrvxfn
964,qhpnvg,ruwfuoaaqe
965,jykftz,ezyfuboock
966,vxhzae,aotdfxvgri
967,fognaw,xjnkstztyi
968,smqnha,ziopkbfwci
969,dpomme,qmsblkjmje
970,knvwdh,rferqmfdlz
971,frniol,kbwpslcawr
972,eqyoph,mberiihbec
973,kfkkrv,gkslpsnqed
974,tihhrf,cxmmicojlm
975,vbtumo,lrdnqihkgt
976,jxfved,tvzbwjtbqx
977,pqsduh,mbcdxwcyyi
978,pdtmae,cyxrqebzuy
979,fistdp,txxjoggphz
980,nzaivr,akmdlnfume
981,gebdsx,iamldajvdy
982,qimjoi,quwubjuznn
983,qhskaj,lbgbvhpsbq
984,mckfoj,bixibtddkc
985,kczoof,plaqlhoxfg
986,fauteb,kyxldezjxq
987,rkcprz,hxngwsllwt
988,ffcdru,evdtuwaqza
989,tpiewv,mltljigpin
990,djaubb,mqczzuigky
991,suaxec,fabpfwzytz
992,klovpe,sjvvgvdcrv
993,bxwxlh,ggwjxhoudr
994,bixhmy,iljzfajlsd
995,asgeaa,muwdjjfpfc
996,vcnfzy,vgjqaarxgf
997,eeqzga,nbgipqvbin
998,jcpprd,rysbfamvho
999,zrbils,yfwynwnhkp
1000,owidpo,kiyhffavep
1001,nyngpn,nswkhilnyv
1002,krvrdf,rqzjuhhbgm
1003,bbomxz,ptsvvgpbqj
1004,lgkbuw,tnymkzueaw
1005,lqyvcx,gecgmtihwc
1006,wggqbg,akjewrhrjc
1007,ygvrin,hgtykidqtn
1008,qmdaqz,aqzpbguisq
1009,rzpqto,ordyjivniz
1010,tzyvmu,cyswomuzpg
1011,dtbubv,mekmcluozi
1012,yuesgg,ndcfbjezxo
1013,cqbeqg,rbngvehaux
1014,oahjnz,yusyceyqte
1015,euogbx,ufjqizlnbb
1016,gqcdzb,dxrrffuxsk
1017,sjhzib,pwddbotlje
1018,jitlhs,vtpsvwpuid
1019,yxtpft,nfkstddtip
1020,wksqyq,caijtcxirq
1021,snmwed,pwcchfatwt
1022,dolllw,pipqchtjxi
1023,oywrao,vfibcqvkbs
1024,fvptzv,cvwdwxhpmb
1025,cawghv,aydxfweuxl
1026,iuxigh,cqoojbolks
1027,mfgojr,uznporzlhv
1028,svrqad,rkvcpiovhf
1029,paysai,auywlypjfw
1030,zwrcpm,jpqnmtyepf
1031,psjdiu,vtywqaesmx
1032,inhwqo,jowceampyn
1033,futaya,gyiucqjlbi
1034,fcsbpl,cncfhoiayw
1035,rfdnen,uczqrqggry
1036,hvothn,siqaibmxjw
1037,nbduvv,ikzijxlwbm
1038,whdzrd,oikpclaibr
1039,bpttzf,guzofnmbkq
1040,syncpn,gtgnjugicw
1041,bddqpb,lypiqzpnrq
1042,apgsyw,blbjnegbio
1043,fkihfd,kjyticvoda
1044,inqcpk,swfiucdpis
1045,sjkeia,fmfsnmpbic
1046,qtcuvi,xxekzsptqq
1047,hwvjts,ldmgaxzghc
1048,audzyn,mmlgsxcygj
1049,aqjpru,ulucoqpkxa
1050,spvxkm,gfcmobaqio
1051,vbxyet,wpwgefojyx
1052,ltjvqn,zcncyhqmsa
1053,rgkepv,hmbhjaltos
1054,sgocyh,hodvpfgruk
1055,urhcvm,ppjezppyht
1056,eghadv,cyiromumjh
1057,roamzn,saxzqsbrbz
1058,yvmxpj,skcqalvggi
1059,ckejaa,gpfuodfrct
1060,ztpvbz,skisobvnxh
1061,fjzwjj,rwzlvdyqpf
1062,gwtwdv,qdwaomyync
1063,tcuykb,obtliaucin
1064,jresfs,tzcoihnkfb
1065,dkpjrt,rcldrmogsm
1066,zusemd,qiqhyvummz
1067,awween,cdzdmimhsl
1068,ncetgv,hxifzfpeyf
1069,nkmpwe,auibeifmuf
1070,thnsoi,lsweybjrxd
1071,xtkfjq,hxnqlsxhwd
1072,imxunt,rfrlormfzr
1073,krjkhh,fxcijhcrri
1074,hqcpwv,rmpelhgsct
1075,hgneng,zrxfxywpbf
1076,pcskio,nikomiocic
1077,pavlcu,yhwfonhdra
1078,ommdyr,pzdfhnemzn
1079,rbxhpe,ioxjgweltk
1080,tvouny,ttsjzpgvji
1081,jdbzqs,qxohxbzsit
1082,mzlrwi,qbhvdhmuwr
1083,qyjdla,gzpehgdmis
1084,bxyziv,wtypgoofkp
1085,ovxkmc,rowujchiqd
1086,btcecz,eqpjyperov
1087,vduatr,qaxwofmmfh
1088,urguup,hlxqvhakrm
1089,zrzbty,fvjbgigcjv
1090,kbinxd,wuizbkocyu
1091,wyfaqn,bjpjohhxay
1092,gjzprn,ztfmjeqagu
1093,zuupin,jmngpvolry
1094,fkvhev,ochtfwluvr
1095,xlqrir,fvxrfwizxf
1096,ylglbc,odiagmhsbz
1097,yawjzf,cpcyjitfaz
1098,pqwwlw,ddygtfuadt
1099,btdmne,mdbzhdoyyb
1100,krhwbq,mmgdwdrgcs
1101,jmqgtw,vcpacbkeym
1102,jpgrnm,vtcogmrqjx
1103,xtsvdb,snndwbwejd
1104,dooxpk,kwogdoihmj
1105,xlzauj,sxjgrupopa
1106,fghntt,sxoncymrdc
1107,bqzarp,seqekqddty
1108,uyhyni,jyytuftncj
1109,dngfsp,rrpddlucwm
1110,wwvpiy,calxgscpua
1111,grinyx,fnvaicfoem
1112,fsrisl,ywjmdvpxfm
1113,vpaxbb,fdzxpiupfc
1114,axnkgc,vaazdaxwbx
1115,ayphpo,oxreugikbb
1116,evkatb,bqhyfwcpeo
1117,uinscj,bkbhqrbogf
1118,krecxb,uxkvhnepnn
1119,exsiqm,cgzexdufgm
1120,idpabw,ojcbrtgayn
1121,odtnrv,dxgjgmbbwq
1122,ehkybb,adxlzeokda
1123,wduows,gjoncgwhtq
1124,ftlhxs,qtpocgkvbd
1125,wgdrzu,cpbsevwxra
1126,omaixh,cgteorskah
1127,vcqxvx,gchzenocej
1128,fsrbvs,oaxhitluli
1129,uklrjl,kxjalfbdwr
1130,gaygix,uujhstbcrk
1131,dcefxz,ekqjssnifo
1132,kwbmhk,vpljhikuhe
1133,bfbnin,iginpzpbfu
1134,cbeiyk,tiprywcnlf
1135,ohmdna,ancofujftk
1136,fovtsq,samayspkex
1137,qxzlfm,etiadcssqf
1138,eadzmj,ybwvgvgxdg
1139,qhvykq,axthgahxpg
1140,gylawf,ywwsriqagw
1141,gmsqow,owmnmysjkl
1142,mmvedf,vsqelstgue
1143,njnvfm,ursrexezga
1144,chntuo,zikeapuqye
1145,zsdciy,yvrnvtqsva
1146,suefbh,cqodhmxexs
1147,mxmfvj,qbqygbrodl
1148,ilgdeu,crimgmjvli
1149,ueybkc,wjhnqnjbfh
1150,fbfgjr,ymsegwakku
1151,yoaptz,mpzoitdzhg
1152,rnpntq,kbgwopsydn
1153,npzbgl,rwbjlaqhjo
1154,yksksb,vrnpxopdxf
1155,wrbadr,ilqajsrwdo
1156,cwyhrm,eavongwjgr
1157,yksivj,wjpcnbmhgp
1158,mzhlpj,iehrmobbcn
1159,tuydgo,ojzfxprmnh
1160,cplkae,zvjzmexrzs
1161,nifmba,qaouexbffx
1162,zlzayb,awjmwhevfl
1163,jeimvk,nvinlixphs
1164,ermrxt,fnlyjzqjyn
1165,wpqpxs,hzxzfymiio
1166,wtoaym,lrsjljcnfs
1167,pnhgxr,zuyzxsfyyp
1168,qemkxu,oxbgvslvnj
1169,jxmeik,yunzowwtgz
1170,muesvf,sqibjzkdcb
1171,qehkcl,qygymbralv
1172,jjowri,ugeeygsbbv
1173,ycchtu,ssgctxeucg
1174,evqewk,fiqhgtkrwu
1175,mcbzgd,stywnxhqrh
1176,jihsry,sbneceipsq
1177,tmnssc,klqtffxhva
1178,onnykn,zxzxourttj
1179,hkkxej,pmypfdkmvx
1180,kwctoy,tdhspflqvi
1181,ijlaqz,tjwmbceumo
1182,gjpomk,xnnowwlaiv
1183,imcfae,jxpzwplfyh
1184,bffzbl,zrlnkencmv
1185,wnmvua,vqiyuhiudj
1186,vvdlbu,whthufdsis
1187,gyvcbj,yzvxfvmwvk
1188,rmmphw,ikyhvjizou
1189,ttpkki,lchjytgrej
1190,zrtkyq,ezseghmehp
1191,qqtlkm,nscfctphzn
1192,olutsx,smkrnrivmq
1193,yrqpfz,nozirtjyuk
1194,ihqjzv,jmbaamzvbh
1195,abogam,ztqowwadvv
1196,diuwcf,gcpvrspehq
1197,luikik,ykjuijobjk
1198,qopogi,yuvnursexf
1199,gobwkx,dlbuxtxvvn
1200,nmodpb,szfasuikms
1201,oirffo,isotobrjgo
1202,rkegql,erdnorjzhv
1203,unqhvi,ccbdnfdfvc
1204,zcgpxo,kigclfzmen
1205,xfqlfn,fgudxeompg
1206,kcrebq,bzkgqrflqd
1207,pxpzzd,xklglybhxa
1208,ryozdf,kfdshcrbfr
1209,elaiuj,byliehgyrm
1210,bmyaaj,ofhkutpemx
1211,mvztbr,irolunrfuy
1212,beinik,sxvxbsmojk
1213,ojdfaw,cvupvbyyix
1214,eoggyk,jvqfjlnyap
1215,meuqbf,dmvlrxwcpe
1216,khjmck,lbozjflaac
1217,ezbdvf,hqeejewspw
1218,yeypbe,pwvhnjvoeg
1219,hcwtls,gfpjcjfbms
1220,fpsypv,phzbycexag
1221,uagiga,ktfnftbbyn
1222,tywzny,vvsirhxvpv
1223,rpyegr,jyzlmgiknj
1224,khbyak,lfrvvrnubp
1225,zualoz,uvmxwigfrt
1226,otshmb,gacwzphwwm
1227,nkksyf,ssxtsrvger
1228,qanmdk,swikcnfiws
1229,qxzwwu,siyizbnbvm
1230,plveic,nxvttwrfyc
1231,pzqbbs,uuxtznwmah
1232,ydirfd,miayhneted
1233,ebezow,dokyfeoodv
1234,leyarr,bwrvhkzbzv
1235,igvqzc,asudyxfrvv
1236,epnszm,xenyuapufm
1237,ocrtmz,nmtkveafjr
1238,uhucek,mqmlhsbbfb
1239,qxizhr,wlqrwutgzi
1240,wzvvff,vfnyhtmqgj
1241,fkftqt,hxrpsyqcpf
1242,hborpt,yhasxhvady
1243,qrptwn,mhirsviaxg
1244,yylvrq,uwzdngwugp
1245,wegdib,diudiomhpd
1246,durwtk,bhcyahqhsf
1247,osetpq,hqzbyvkdad
1248,rbrprj,tmpvxsbdcw
1249,xcctwz,ggytnmgvam
1250,fvvgdw,hityzevnpb
